{
  \"resourceType\": \"Bundle\",
  \"type\": \"collection\",
  \"entry\": [
    {
      \"fullUrl\": \"http://example.org/fhir/Claim/1\",
      \"resource\": {
        \"resourceType\": \"Claim\",
        \"id\": \"1\",
        \"status\": \"active\",
        \"type\": {
          \"coding\": [
            {\"system\": \"http://terminology.hl7.org/CodeSystem/claim-type\", \"code\": \"professional\"}
          ]
        },
        \"total\": { \"value\": 200.0, \"currency\": \"USD\" }
      }
    },
    {
      \"fullUrl\": \"http://example.org/fhir/Claim/2\",
      \"resource\": {
        \"resourceType\": \"Claim\",
        \"id\": \"2\",
        \"status\": \"active\",
        \"type\": {
          \"coding\": [
            {\"system\": \"http://terminology.hl7.org/CodeSystem/claim-type\", \"code\": \"institutional\"}
          ]
        },
        \"total\": { \"value\": 5000.0, \"currency\": \"USD\" }
      }
    }
  ]
}
