{
  "resourceType": "Bundle",
  "type": "collection",
  "entry": [
    {
      "resource": {
        "resourceType": "Claim",
        "id": "claim1",
        "status": "active",
        "type": {"coding": [{"system": "http://terminology.hl7.org/CodeSystem/claim-type", "code": "professional"}]},
        "use": "claim",
        "patient": {"reference": "Patient/patient1"},
        "created": "2024-05-01",
        "provider": {"reference": "Practitioner/pract1"},
        "item": [
          {
            "sequence": 1,
            "productOrService": {"coding": [{"code": "99213", "system": "http://www.ama-assn.org/go/cpt"}]},
            "quantity": {"value": 1},
            "unitPrice": {"value": 100.0}
          }
        ],
        "total": {"value": 100.0}
      }
    },
    {
      "resource": {
        "resourceType": "Claim",
        "id": "claim2",
        "status": "active",
        "type": {"coding": [{"system": "http://terminology.hl7.org/CodeSystem/claim-type", "code": "professional"}]},
        "use": "claim",
        "patient": {"reference": "Patient/patient2"},
        "created": "2024-05-03",
        "provider": {"reference": "Practitioner/pract2"},
        "item": [
          {
            "sequence": 1,
            "productOrService": {"coding": [{"code": "99214", "system": "http://www.ama-assn.org/go/cpt"}]},
            "quantity": {"value": 2},
            "unitPrice": {"value": 150.0}
          }
        ],
        "total": {"value": 300.0}
      }
    },
    {
      "resource": {
        "resourceType": "Claim",
        "id": "claim3",
        "status": "active",
        "type": {"coding": [{"system": "http://terminology.hl7.org/CodeSystem/claim-type", "code": "professional"}]},
        "use": "claim",
        "patient": {"reference": "Patient/patient3"},
        "created": "2024-05-10",
        "provider": {"reference": "Practitioner/pract3"},
        "item": [
          {
            "sequence": 1,
            "productOrService": {"coding": [{"code": "99215", "system": "http://www.ama-assn.org/go/cpt"}]},
            "quantity": {"value": 1},
            "unitPrice": {"value": 200.0}
          }
        ],
        "total": {"value": 200.0}
      }
    }
  ]
}